Participant Number,Age,Gender
1,24,Male
2,26,Male
3,22,Male
4,19,Male
5,32,Female
6,35,Male
7,21,Female
8,19,Male
9,30,Male
10,27,Female
11,30,Male
12,33,Male
13,31,Female
14,22,Male
15,21,Female
16,20,Male
17,38,Male
18,27,Female
19,30,Male
20,25,Female
21,28,Male
22,28,Male
23,25,Male
24,18,Male
25,26,Female
26,28,Female
27,19,Male
28,37,Male
29,23,Female
30,19,Female
31,22,Female
32,23,Male
33,30,Female
34,27,Female
35,23,Female
36,27,Female
37,21,Female
38,31,Male
39,39,Female
40,27,Male
41,40,Female
42,22,Female
43,33,Female
44,23,Female
45,27,Female
46,30,Male
47,21,Male
48,27,Female
49,20,Female
50,23,Female
51,21,Female
52,25,Male
53,33,Male
54,22,Male
55,28,Female
56,18,Male
57,21,Female
58,27,Male
59,30,Female
60,22,Male
61,19,Female
62,19,Female
63,37,Female
64,28,Male
65,24,Female
66,29,Male
67,29,Male
68,21,Male
69,28,Male
70,40,Male
71,19,Female
72,25,Male
73,36,Male
74,22,Male
75,30,Male
76,29,Female
77,29,Female
78,26,Female
79,26,Male
80,21,Female
81,30,Male
82,39,Male
83,19,Female
84,24,Female
85,19,Male
86,18,Male
87,27,Female
88,40,Female
89,29,Male
90,33,Female
91,39,Male
92,27,Female
93,40,Female
94,22,Male
95,21,Male
96,28,Male
97,24,Male
98,26,Female
99,22,Male
100,37,Male
