CustomerID,CustomerName,CustomerPhone,CustomerGender,CustomerAddress,CustomerDOB,CustomerAge
CU00001,Madge Johns,2.22E+13,Female,Egdam Street 33,21-06-82,40
CU00002,Saul Lutz,2.21E+13,Male,Luas Street 10,12-12-82,40
CU00003,Lupe Fry,2.21E+13,Female,Epul Street 100,26-04-72,51
CU00004,Mathew Mooney,2.22E+13,Male,Wehtam Street 54,10-04-92,31
CU00005,Wilford Hogan,2.22E+13,Male,Drofliw Street 56,12-03-82,41
CU00006,Solomon Neal,2.22E+13,Male,Nomolos Street 34,07-03-87,36
CU00007,Latonya Carson,2.21E+13,Male,Aynotal Street 85,23-12-77,45
CU00008,Teri Norton,2.22E+13,Male,Iret Street 81,06-08-90,32
CU00009,Jody Stuart,2.22E+13,Female,Ydoj Street 21,28-03-84,39
CU00010,Susanna Nelson,2.21E+13,Male,Annasus Street 46,20-11-91,31
CU00011,Edgar Williamson,2.21E+13,Male,Ragde Street 13,07-04-69,54
CU00012,Arthur Lindsey,2.22E+13,Male,Ruhtra Street 11,06-12-80,42
CU00013,Alice Turner,2.22E+13,Female,Ecila Street 7,17-06-70,52
CU00014,Carmelo Harper,2.22E+13,Female,Olemrac Street 38,09-09-69,53
CU00015,Waldo Barton,2.21E+13,Female,Odlaw Street 55,15-01-86,37
CU00016,Dillon Carter,2.21E+13,Male,Nollid Street 33,22-03-90,33
CU00017,Isabel Pollard,2.22E+13,Male,Lebasi Street 1,07-10-85,37
CU00018,Juliana Jefferson,2.22E+13,Female,Anailuj Street 56,19-04-74,49
CU00019,Dorothy Wade,2.21E+13,Female,Yhtorod Street 16,22-08-71,51
CU00020,Christina Barrett,2.21E+13,Female,Anitsirhc Street 60,21-08-79,43
CU00021,Bernie Pace,2.21E+13,Female,Einreb Street 20,01-08-76,46
CU00022,Jay Callahan,2.22E+13,Male,Yaj Street 64,14-08-80,42
CU00023,Anna Shaffer,2.21E+13,Female,Anna Street 25,05-07-90,32
CU00024,Irwin Chandler,2.22E+13,Male,Niwri Street 39,08-08-87,35
CU00025,Freddy Yu,2.22E+13,Female,Ydderf Street 88,17-12-71,51
CU00026,Errol Banks,2.22E+13,Female,Lorre Street 1,,38
CU00027,Leland Oliver,2.22E+13,Male,Dnalel Street 37,28-11-69,53
CU00028,Latonya Cline,2.22E+13,Female,Aynotal Street 46,13-06-88,34
CU00029,Garth Christian,2.21E+13,Female,Htrag Street 87,16-03-77,46
CU00030,Celeste Kirk,2.22E+13,Male,Etselec Street 52,20-01-85,38
CU00031,Benito Russo,2.22E+13,Male,Otineb Street 32,24-01-80,43
CU00032,Juliette Jones,2.22E+13,Male,Etteiluj Street 96,26-10-76,46
CU00033,Jan Mason,2.22E+13,Male,Naj Street 97,24-12-80,42
CU00034,Blair Hamilton,2.21E+13,Female,Rialb Street 39,07-03-87,36
CU00035,Alisa Burgess,2.21E+13,Female,Asila Street 55,15-05-84,38
CU00036,Dewey Glover,2.21E+13,Female,Yewed Street 73,04-09-71,51
CU00037,Toni Levine,2.22E+13,Male,Inot Street 90,20-01-78,45
CU00038,Jami Waller,2.21E+13,Female,Imaj Street 55,24-03-74,49
CU00039,Antone Marsh,2.22E+13,Male,Enotna Street 96,07-07-90,32
CU00040,Millicent Morales,2.22E+13,Female,Tnecillim Street 55,22-04-87,36
CU00041,Autumn Lyons,2.21E+13,Male,Nmutua Street 7,03-04-79,44
CU00042,Lonnie Ruiz,2.21E+13,Male,Einnol Street 64,16-07-76,46
CU00043,Kimberly Higgins,2.22E+13,,Ylrebmik Street 64,,34
CU00044,Nathaniel Lynn,2.21E+13,Male,Leinahtan Street 91,03-07-76,46
CU00045,Lilia Todd,2.22E+13,Female,Ailil Street 76,16-07-77,45
CU00046,Tina Meza,2.22E+13,Male,Anit Street 26,14-09-78,44
CU00047,Danny Sharp,2.22E+13,Male,Ynnad Street 58,11-01-85,38
CU00048,Katrina Hartman,2.21E+13,Female,Anirtak Street 23,11-08-83,39
CU00049,Marie Owen,2.22E+13,Female,Eiram Street 6,01-02-87,36
CU00050,Monty Clayton,2.22E+13,Male,Ytnom Street 30,11-03-81,42
CU00051,Lori Skinner,2.21E+13,Male,Irol Street 26,22-08-72,50
CU00052,Efrain Kaiser,2.22E+13,Male,Niarfe Street 28,02-04-72,51
CU00053,Dexter Christian,2.22E+13,Female,Retxed Street 41,07-07-73,49
CU00054,Antoine Glover,2.22E+13,Male,Eniotna Street 23,28-08-91,31
CU00055,Melisa Herrera,2.22E+13,Male,Asilem Street 46,23-03-70,53
CU00056,Beverly Buckley,2.21E+13,Female,Ylreveb Street 91,25-12-71,51
CU00057,Agustin Tucker,2.21E+13,Female,Nitsuga Street 58,21-06-80,42
CU00058,Shanna Vance,2.21E+13,Male,Annahs Street 94,12-09-78,44
CU00059,Jeannine Hooper,2.22E+13,Male,Eninnaej Street 22,12-03-74,49
CU00060,Curtis Simpson,2.22E+13,Female,Sitruc Street 97,28-11-82,40
CU00061,Terrance Christensen,2.22E+13,Male,Ecnarret Street 62,24-07-89,33
CU00062,Dillon Bright,2.22E+13,Male,Nollid Street 49,06-06-84,38
CU00063,Penelope Kaiser,2.21E+13,Female,Epolenep Street 4,24-12-88,34
CU00064,Danielle Buchanan,2.22E+13,Male,Elleinad Street 19,10-01-72,51
CU00065,Roman Watson,2.21E+13,Male,Namor Street 9,13-12-69,53
CU00066,Danny Jarvis,2.21E+13,Female,Ynnad Street 76,21-06-85,37
CU00067,Ashley Burch,2.21E+13,Male,Yelhsa Street 39,02-03-86,37
CU00068,Myrtle Hampton,2.22E+13,Female,Eltrym Street 54,23-12-79,43
CU00069,Pam Scott,2.22E+13,,Map Street 35,22-06-83,39
CU00070,Elinor Herrera,2.22E+13,Female,Ronile Street 42,07-03-76,47
CU00071,Caitlin Stephens,2.22E+13,Male,Niltiac Street 24,08-07-82,40
CU00072,Glenn Coleman,2.22E+13,Female,Nnelg Street 48,03-01-80,43
CU00073,Troy Garrison,2.22E+13,Female,Yort Street 48,23-05-88,34
CU00074,Luis Riggs,2.22E+13,Male,Siul Street 14,02-04-88,35
CU00075,Jeffery Perry,2.22E+13,Male,Yreffej Street 97,05-06-92,30
CU00076,Emile Mckee,2.22E+13,Female,Elime Street 100,25-07-78,44
CU00077,Casey Phillips,2.22E+13,Female,Yesac Street 20,20-11-76,46
CU00078,Marquita Rhodes,2.22E+13,Male,Atiuqram Street 91,03-04-82,41
CU00079,Forest Freeman,2.22E+13,Male,Tserof Street 52,12-02-92,31
CU00080,Jennifer Castaneda,2.22E+13,Male,Refinnej Street 49,20-10-87,35
CU00081,Floyd Stone,2.21E+13,Female,Dyolf Street 6,28-06-73,49
CU00082,Leonel Chaney,2.21E+13,Female,Lenoel Street 62,15-01-81,42
CU00083,Jefferson May,2.22E+13,Female,Nosreffej Street 44,06-12-69,53
CU00084,Patrice Robertson,2.22E+13,Female,Ecirtap Street 41,18-07-82,40
CU00085,Guillermo Mills,2.22E+13,Male,Omrelliug Street 1,26-04-73,50
CU00086,Laurel Michael,2.21E+13,Male,Lerual Street 24,20-01-82,41
CU00087,Darnell Conner,2.22E+13,Female,Llenrad Street 86,22-06-82,40
CU00088,Susana Jefferson,2.22E+13,Male,Anasus Street 32,01-06-90,32
CU00089,Marquis Simpson,2.22E+13,Male,Siuqram Street 21,08-06-84,38
CU00090,Jerome Simmons,2.22E+13,Female,Emorej Street 91,09-12-70,52
CU00091,Cathryn Hoover,2.22E+13,,Nyrhtac Street 10,01-04-79,44
CU00092,Timothy Russell,2.22E+13,Male,Yhtomit Street 19,20-10-74,48
CU00093,Lacey Salas,2.22E+13,Female,Yecal Street 32,15-11-76,46
CU00094,Sherman Erickson,2.22E+13,Female,Namrehs Street 39,12-08-87,35
CU00095,Wilbert Wilkerson,2.21E+13,Male,Trebliw Street 90,26-10-74,48
CU00096,Nolan Calhoun,2.22E+13,Male,Nalon Street 82,05-05-71,51
CU00097,Nellie Stewart,2.22E+13,Female,Eillen Street 27,11-06-84,38
CU00098,Berta Hayden,2.21E+13,Male,Atreb Street 29,23-06-79,43
CU00099,Brittney Prince,2.22E+13,Female,Yenttirb Street 29,20-12-74,48
CU00100,Gloria Hooper,2.21E+13,Male,Airolg Street 34,14-10-78,44
CU00101,Garland Woods,2.22E+13,Female,Dnalrag Street 69,28-05-77,45
CU00102,Lazaro Sweeney,2.22E+13,Female,Orazal Street 76,05-02-81,42
CU00103,Brandy Delgado,2.21E+13,Female,Ydnarb Street 49,23-10-87,35
CU00104,Barbra Blanchard,2.22E+13,Female,Arbrab Street 65,15-07-71,51
CU00105,Lola Little,2.22E+13,Male,Alol Street 5,14-06-89,33
CU00106,Irma Morales,2.22E+13,Male,Amri Street 3,06-07-76,46
CU00107,Fanny Leon,2.21E+13,Male,Ynnaf Street 23,24-02-71,52
CU00108,Guadalupe Tate,2.22E+13,Male,Epuladaug Street 61,28-10-84,38
CU00109,Nola Scott,2.21E+13,Male,Alon Street 45,05-07-81,41
CU00110,Neva Suarez,2.21E+13,Female,Aven Street 11,22-01-79,44
CU00111,Sheree Williamson,2.22E+13,Male,Eerehs Street 42,18-09-75,47
CU00112,Nichole Blake,2.22E+13,Male,Elohcin Street 65,03-01-83,40
CU00113,Angelita Jacobson,2.21E+13,Female,Atilegna Street 91,20-03-82,41
CU00114,Deanne Black,2.22E+13,Male,Ennaed Street 66,21-10-87,35
CU00115,Marian Dodson,2.22E+13,Female,Nairam Street 75,27-05-73,49
CU00116,Eldon Camacho,2.21E+13,Female,Nodle Street 57,20-10-87,35
CU00117,Jeanie Braun,2.21E+13,Male,Einaej Street 82,24-01-70,53
CU00118,Ivory Mcmillan,2.22E+13,Female,Yrovi Street 71,25-08-91,31
CU00119,Goldie Harper,2.21E+13,,Eidlog Street 74,,44
CU00120,Noel Garrett,2.22E+13,Male,Leon Street 79,19-04-78,45
CU00121,Alisa Strickland,2.22E+13,Male,Asila Street 88,07-12-77,45
CU00122,Emilio Poole,2.21E+13,Female,Oilime Street 75,07-10-81,41
CU00123,Paula Hodges,2.21E+13,Male,Aluap Street 87,25-06-76,46
CU00124,Kay Cuevas,2.21E+13,Male,Yak Street 15,22-02-70,53
CU00125,Chang Black,2.22E+13,Male,Gnahc Street 96,06-04-79,44
CU00126,Isabel Tyler,2.21E+13,Female,Lebasi Street 47,28-05-71,51
CU00127,Chance Beltran,2.22E+13,Female,Ecnahc Street 100,03-09-79,43
CU00128,Lee Vincent,2.21E+13,Female,Eel Street 23,01-07-74,48
CU00129,Amalia Haney,2.22E+13,Female,Ailama Street 93,18-04-90,33
CU00130,Jeremiah Coleman,2.22E+13,Female,Haimerej Street 19,11-11-74,48
CU00131,Calvin Hickman,2.21E+13,Female,Nivlac Street 27,25-07-92,30
CU00132,Todd Grant,2.21E+13,Female,Ddot Street 27,26-02-88,35
CU00133,Alexis Macias,2.22E+13,Male,Sixela Street 77,12-09-85,37
CU00134,Dianna Melendez,2.21E+13,Male,Annaid Street 5,17-05-71,51
CU00135,Kerry Good,2.22E+13,Male,Yrrek Street 59,24-01-83,40
CU00136,Allen Pruitt,2.22E+13,Male,Nella Street 82,09-12-90,32
CU00137,Jermaine Sawyer,2.21E+13,Male,Eniamrej Street 17,10-09-85,37
CU00138,Lorrie Colon,2.22E+13,Male,Eirrol Street 66,07-07-89,33
CU00139,Bruce Mckee,2.21E+13,Male,Ecurb Street 91,,42
CU00140,Misty Ewing,2.22E+13,Female,Ytsim Street 51,09-11-70,52
CU00141,Cary Villanueva,2.22E+13,Male,Yrac Street 12,05-06-69,53
CU00142,Marlin Riddle,2.21E+13,Male,Nilram Street 86,03-09-90,32
CU00143,Julianne Silva,2.22E+13,Female,Ennailuj Street 2,06-12-70,52
CU00144,Kenya Gonzalez,2.21E+13,Male,Aynek Street 37,13-01-70,53
CU00145,Carmela Jennings,2.22E+13,Male,Alemrac Street 45,09-07-82,40
CU00146,Camille Craig,2.21E+13,Female,Ellimac Street 94,15-02-89,34
CU00147,Forrest Yang,2.21E+13,Male,Tserrof Street 45,19-06-91,31
CU00148,Arron Hartman,2.21E+13,Male,Norra Street 1,10-08-81,41
CU00149,Aurelia Horton,2.22E+13,Female,Ailerua Street 39,14-07-88,34
CU00150,Kerry Shepherd,2.22E+13,Female,Yrrek Street 75,20-01-90,33
CU00151,Roseann Snyder,2.21E+13,Female,Nnaesor Street 22,04-09-81,41
CU00152,Roberta Johnson,2.21E+13,Male,Atrebor Street 62,28-04-87,36
CU00153,Rhea Conway,2.22E+13,Female,Aehr Street 28,13-12-78,44
CU00154,Adrienne Ware,2.22E+13,Male,Enneirda Street 11,04-10-69,53
CU00155,Enid Evans,2.22E+13,Male,Dine Street 28,24-03-91,32
CU00156,Angelo Ho,2.22E+13,Female,Olegna Street 69,19-06-85,37
CU00157,Kristy Strickland,2.22E+13,Female,Ytsirk Street 73,10-06-89,33
CU00158,Francisco Mata,2.22E+13,Male,Ocsicnarf Street 95,02-08-79,43
CU00159,Charles Chandler,2.22E+13,Male,Selrahc Street 75,06-03-86,37
CU00160,,2.21E+13,Female,Odnumyar Street 78,10-10-84,38
CU00161,Monte Alvarado,2.22E+13,Male,Etnom Street 27,25-10-69,53
CU00162,Gwen Beard,2.22E+13,Female,Newg Street 91,16-09-79,43
CU00163,Jeanine Griffith,2.22E+13,Male,Eninaej Street 46,23-01-91,32
CU00164,Jerrold Dixon,2.22E+13,Female,Dlorrej Street 66,06-03-78,45
CU00165,Claudia Dean,2.22E+13,Female,Aidualc Street 23,23-01-73,50
CU00166,Rupert Coffey,2.22E+13,Male,Trepur Street 17,02-11-74,48
CU00167,Noe Ramsey,2.21E+13,Male,Eon Street 95,02-11-92,30
CU00168,Meredith Frazier,2.21E+13,Male,Htiderem Street 14,02-11-85,37
CU00169,Ronny Decker,2.21E+13,Male,Ynnor Street 98,04-01-81,42
CU00170,Fran Guerra,2.22E+13,Male,Narf Street 65,13-04-73,50
CU00171,Craig Nguyen,2.21E+13,Male,Giarc Street 19,24-10-90,32
CU00172,Kathryn Ball,2.22E+13,Male,Nyrhtak Street 40,03-03-70,53
CU00173,Bud Randolph,2.21E+13,Male,Dub Street 34,27-07-77,45
CU00174,Chris Browning,2.21E+13,Female,Sirhc Street 53,13-11-84,38
CU00175,Anthony Stone,2.21E+13,Male,Ynohtna Street 89,21-08-77,45
CU00176,Melanie Mitchell,2.21E+13,Female,Einalem Street 71,06-12-82,40
CU00177,Walter Haley,2.21E+13,Female,Retlaw Street 11,13-05-87,35
CU00178,Lorene Bond,2.22E+13,Female,Enerol Street 61,21-09-86,36
CU00179,Willa Watts,2.22E+13,Female,Alliw Street 7,22-07-88,34
CU00180,Jose Waters,2.22E+13,Male,Esoj Street 85,16-07-83,39
CU00181,Joey Dorsey,2.22E+13,Female,Yeoj Street 75,27-02-69,54
CU00182,Theresa Cooper,2.22E+13,Male,Asereht Street 100,17-05-87,35
CU00183,Rebekah Austin,2.22E+13,Female,Hakeber Street 1,11-10-79,43
CU00184,Louie Franco,2.21E+13,Female,Eiuol Street 6,13-05-88,34
CU00185,Chance Ryan,2.21E+13,Female,Ecnahc Street 27,26-11-80,42
CU00186,Gretchen Fleming,2.21E+13,Female,Nehcterg Street 32,17-07-85,37
CU00187,Jess Conner,2.21E+13,Female,Ssej Street 21,01-10-92,30
CU00188,Luann Bell,2.21E+13,Female,Nnaul Street 46,03-08-92,30
CU00189,Brice May,2.21E+13,Male,Ecirb Street 46,14-12-82,40
CU00190,Brigitte Cisneros,2.21E+13,Male,Ettigirb Street 22,14-08-82,40
CU00191,Lara Moon,2.21E+13,Female,Aral Street 74,15-04-78,45
CU00192,Ralph Knox,2.21E+13,Male,Hplar Street 7,07-12-69,53
CU00193,Ernie Huff,2.22E+13,Male,Einre Street 74,06-12-84,38
CU00194,Dion Mejia,2.22E+13,Female,Noid Street 66,25-11-91,31
CU00195,Charlie Mercado,2.22E+13,Female,Eilrahc Street 48,02-03-70,53
CU00196,Lucia Proctor,2.22E+13,Female,Aicul Street 77,09-08-74,48
CU00197,Jan Little,2.21E+13,Female,Naj Street 94,11-07-74,48
CU00198,Althea Castillo,2.21E+13,Male,Aehtla Street 79,22-10-86,36
CU00199,Ronny Bridges,2.22E+13,Female,Ynnor Street 88,20-12-83,39
CU00200,Alexandra Holder,2.22E+13,Male,Ardnaxela Street 24,25-05-72,50
CU00201,Rich Carney,2.22E+13,Female,Hcir Street 18,20-11-75,47
CU00202,Rod Bautista,2.22E+13,Male,Dor Street 31,21-09-86,36
CU00203,Max Hawkins,2.21E+13,Male,Xam Street 48,13-05-90,32
CU00204,Brent Nichols,2.22E+13,Female,Tnerb Street 62,11-12-78,44
CU00205,Armand Anthony,2.22E+13,Male,Dnamra Street 59,02-05-86,37
CU00206,Milford House,2.22E+13,Female,Droflim Street 69,02-08-87,35
CU00207,Kelvin Zamora,2.21E+13,Male,Nivlek Street 86,15-02-81,42
CU00208,Reyna Bailey,2.21E+13,Male,Anyer Street 89,27-12-79,43
CU00209,Phyllis Le,2.21E+13,Female,Sillyhp Street 85,17-08-90,32
CU00210,Gabriel Kim,2.22E+13,Female,Leirbag Street 39,10-02-88,35
CU00211,James Sweeney,2.22E+13,Male,Semaj Street 4,19-04-91,32
CU00212,Daniel Frye,2.22E+13,Female,Leinad Street 23,06-01-82,41
CU00213,Concepcion Anderson,2.22E+13,Female,Noicpecnoc Street 48,09-10-88,34
CU00214,Tommie Stout,2.22E+13,Female,Eimmot Street 98,06-02-82,41
CU00215,Lenore Harper,2.22E+13,Female,Eronel Street 48,19-04-71,52
CU00216,Anderson Carney,2.22E+13,Male,Nosredna Street 73,12-02-77,46
CU00217,Donnell Walton,2.22E+13,Male,Llennod Street 100,23-03-77,46
CU00218,Tanya Duffy,2.22E+13,Female,Aynat Street 78,06-05-87,35
CU00219,Celina Park,2.22E+13,Female,Anilec Street 50,09-03-76,47
CU00220,Cherry Lutz,2.22E+13,Female,Yrrehc Street 73,14-12-73,49
CU00221,Claude Warren,2.22E+13,Male,Edualc Street 80,03-10-72,50
CU00222,Wilson Parsons,2.22E+13,Female,Nosliw Street 5,04-09-76,46
CU00223,Gene Frazier,2.21E+13,Male,Eneg Street 62,26-01-72,51
CU00224,Guy Salas,2.22E+13,Female,Yug Street 73,15-05-87,35
CU00225,Toni Spencer,2.21E+13,Male,Inot Street 95,02-05-83,40
CU00226,Marjorie Liu,2.22E+13,Female,Eirojram Street 56,13-06-89,33
CU00227,Keven Santos,2.21E+13,Male,Nevek Street 63,27-01-69,54
CU00228,Carissa Chan,2.22E+13,Female,Assirac Street 34,25-10-82,40
CU00229,Gregorio Baldwin,2.22E+13,Female,Oirogerg Street 8,12-02-82,41
CU00230,Gilberto Rivers,2.22E+13,Male,Otreblig Street 83,18-12-84,38
CU00231,Jan Hudson,2.22E+13,Male,Naj Street 68,01-05-82,41
CU00232,Claudia Dougherty,2.22E+13,Female,Aidualc Street 68,17-02-72,51
CU00233,Solomon Fischer,2.22E+13,Female,Nomolos Street 74,06-07-82,40
CU00234,Ollie Nichols,2.22E+13,Male,Eillo Street 84,06-09-82,40
CU00235,Floyd Yang,2.22E+13,Male,Dyolf Street 7,13-06-74,48
CU00236,Jules Bean,2.22E+13,Male,Seluj Street 49,27-01-91,32
CU00237,Ernie Washington,2.22E+13,Male,Einre Street 22,28-02-74,49
CU00238,Rachelle Bailey,2.22E+13,Male,Ellehcar Street 28,04-12-77,45
CU00239,Ofelia Barry,2.21E+13,Male,Ailefo Street 71,21-04-82,41
CU00240,Natalie Coffey,2.22E+13,Female,Eilatan Street 15,06-01-75,48
CU00241,Henry Bradshaw,2.22E+13,Female,Yrneh Street 38,10-04-80,43
CU00242,Jorge Browning,2.22E+13,Female,Egroj Street 62,13-10-88,34
CU00243,Susana Gibson,2.21E+13,Male,Anasus Street 75,09-10-71,51
CU00244,Ricardo Ray,2.22E+13,Female,Odracir Street 70,23-04-77,46
CU00245,Celia Chavez,2.22E+13,Male,Ailec Street 58,28-09-81,41
CU00246,Colleen Khan,2.21E+13,Female,Neelloc Street 69,06-09-90,32
CU00247,Fay Best,2.22E+13,Male,Yaf Street 10,19-09-81,41
CU00248,Olive Watkins,2.22E+13,Male,Evilo Street 83,15-05-78,44
CU00249,Deana Barber,2.22E+13,Female,Anaed Street 1,27-08-70,52
CU00250,Annette Pugh,2.21E+13,Male,Ettenna Street 43,13-10-80,42
CU00251,Felipe Lynn,2.22E+13,Male,Epilef Street 93,22-02-78,45
CU00252,Neva Daniel,2.22E+13,Male,Aven Street 27,24-12-90,32
CU00253,Gracie Powers,2.21E+13,Male,Eicarg Street 58,15-04-90,33
CU00254,Sharlene Mueller,2.21E+13,Female,Enelrahs Street 69,14-02-87,36
CU00255,Araceli Dixon,2.22E+13,Female,Ilecara Street 55,22-06-76,46
CU00256,Merlin Moss,2.21E+13,Male,Nilrem Street 89,02-08-90,32
CU00257,Callie Burgess,2.21E+13,Female,Eillac Street 19,06-02-78,45
CU00258,Ashley Sweeney,2.21E+13,Female,Yelhsa Street 26,20-08-88,34
CU00259,Keri Ali,2.21E+13,Male,Irek Street 69,23-09-79,43
CU00260,Carlo Bowers,2.22E+13,Female,Olrac Street 22,16-02-90,33
CU00261,Maryanne Keith,2.22E+13,Male,Ennayram Street 5,21-02-79,44
CU00262,Dorthy Atkinson,2.21E+13,Male,Yhtrod Street 4,12-10-84,38
CU00263,Pearl Oliver,2.22E+13,Male,Lraep Street 96,11-11-80,42
CU00264,Van Weeks,2.22E+13,Male,Nav Street 25,13-08-85,37
CU00265,Jefferson Morton,2.22E+13,Female,Nosreffej Street 36,24-08-72,50
CU00266,Darla Daniels,2.22E+13,Male,Alrad Street 1,23-10-79,43
CU00267,Milford Bryan,2.22E+13,Male,Droflim Street 62,02-11-91,31
CU00268,Erma Mora,2.22E+13,Male,Amre Street 88,19-05-77,45
CU00269,Lauri Henry,2.22E+13,Male,Irual Street 33,28-03-85,38
CU00270,Newton Soto,2.21E+13,Male,Notwen Street 33,01-10-87,35
CU00271,Debora Griffin,2.22E+13,Male,Arobed Street 78,22-12-86,36
CU00272,Horace Moreno,2.22E+13,Male,Ecaroh Street 70,21-07-85,37
CU00273,Wilbur Jones,2.21E+13,Female,Rubliw Street 14,26-06-77,45
CU00274,Stefanie Jarvis,2.22E+13,Female,Einafets Street 37,21-11-78,44
CU00275,Pete Craig,2.22E+13,Male,Etep Street 53,08-12-71,51
CU00276,Gerald Booth,2.21E+13,Male,Dlareg Street 1,17-12-80,42
CU00277,Jeffery Snyder,2.21E+13,Male,Yreffej Street 89,15-04-86,37
CU00278,Donna Little,2.22E+13,Male,Annod Street 44,11-12-87,35
CU00279,Galen Snyder,2.21E+13,Female,Nelag Street 42,21-05-71,51
CU00280,Andre Ray,2.22E+13,Female,Erdna Street 82,12-07-71,51
CU00281,Rene Patterson,2.22E+13,Male,Ener Street 22,06-03-90,33
CU00282,Owen Short,2.21E+13,Male,Newo Street 64,23-06-81,41
CU00283,Marcy Strickland,2.22E+13,Male,Ycram Street 88,02-03-92,31
CU00284,Hazel Johnson,2.22E+13,Female,Lezah Street 59,08-12-89,33
CU00285,Alyson Spears,2.21E+13,Male,Nosyla Street 67,24-03-71,52
CU00286,Nadia Shaffer,2.21E+13,Male,Aidan Street 94,02-09-74,48
CU00287,Darrel Lopez,2.22E+13,Male,Lerrad Street 57,28-06-78,44
CU00288,Herminia Avery,2.21E+13,Male,Ainimreh Street 95,28-01-83,40
CU00289,Sarah Huang,2.21E+13,Female,Haras Street 53,01-02-74,49
CU00290,Rosemarie Marks,2.22E+13,Male,Eiramesor Street 26,01-08-84,38
CU00291,Floyd Reeves,2.21E+13,Male,Dyolf Street 10,26-11-89,33
CU00292,Lilia Barron,2.21E+13,Male,Ailil Street 45,03-01-92,31
CU00293,Jack Montoya,2.21E+13,Male,Kcaj Street 63,06-05-78,44
CU00294,Milagros Hampton,2.22E+13,Female,Sorgalim Street 54,26-04-92,31
CU00295,Elinor Barajas,2.22E+13,Female,Ronile Street 12,27-11-73,49
CU00296,Steven Gould,2.22E+13,Male,Nevets Street 94,01-01-78,45
CU00297,Louella Reynolds,2.21E+13,Female,Alleuol Street 89,26-09-85,37
CU00298,Grover Berg,2.22E+13,Male,Revorg Street 41,15-06-76,46
CU00299,Herschel Colon,2.21E+13,Male,Lehcsreh Street 75,19-04-90,33
CU00300,Alyson Warner,2.22E+13,Male,Nosyla Street 99,11-11-78,44
CU00301,Myra Cabrera,2.22E+13,Female,Arym Street 92,04-11-91,31
CU00302,Morris Waller,2.22E+13,Female,Sirrom Street 53,20-11-84,38
CU00303,Winfred Clarke,2.22E+13,Female,Derfniw Street 17,19-12-92,30
CU00304,Ila Reed,2.22E+13,Male,Ali Street 96,12-09-90,32
CU00305,Rosalyn Ruiz,2.21E+13,Female,Nylasor Street 55,19-09-78,44
CU00306,Kim Hart,2.22E+13,Female,Mik Street 18,19-11-84,38
CU00307,Geneva Sanders,2.22E+13,Male,Aveneg Street 8,12-10-78,44
CU00308,Frederick Hays,2.22E+13,Male,Kcirederf Street 40,21-01-82,41
CU00309,Jorge Barry,2.21E+13,Female,Egroj Street 62,20-06-76,46
CU00310,Nannie Jackson,2.22E+13,Male,Einnan Street 21,12-09-89,33
CU00311,Vaughn Frederick,2.21E+13,Female,Nhguav Street 69,22-11-75,47
CU00312,Booker Mejia,2.22E+13,Male,Rekoob Street 57,05-01-69,54
CU00313,Essie Archer,2.21E+13,Male,Eisse Street 24,01-02-79,44
CU00314,Young Gamble,2.21E+13,Female,Gnuoy Street 13,22-04-88,35
CU00315,Vito Arias,2.21E+13,Female,Otiv Street 70,26-08-74,48
CU00316,Meghan Frey,2.21E+13,Male,Nahgem Street 47,13-05-75,47
CU00317,Monty Bowman,2.22E+13,Female,Ytnom Street 45,14-03-73,50
CU00318,Faith Chapman,2.22E+13,Female,Htiaf Street 1,24-07-85,37
CU00319,Allan Shelton,2.22E+13,Female,Nalla Street 22,07-06-69,53
CU00320,Ruben Fischer,2.21E+13,Female,Nebur Street 83,03-08-76,46
CU00321,Lewis Salas,2.22E+13,Male,Siwel Street 3,05-08-74,48
CU00322,Enid Ruiz,2.22E+13,Male,Dine Street 47,03-06-80,42
CU00323,Cathy Jenkins,2.21E+13,Female,Yhtac Street 6,04-01-72,51
CU00324,Arthur Key,2.22E+13,Male,Ruhtra Street 19,22-09-91,31
CU00325,Leta Cortez,2.21E+13,Male,Atel Street 22,09-02-69,54
CU00326,Iva Douglas,2.21E+13,Female,Avi Street 100,14-01-85,38
CU00327,Margie Singh,2.22E+13,Female,Eigram Street 39,26-04-86,37
CU00328,Marva Shepherd,2.21E+13,Female,Avram Street 30,19-07-80,42
CU00329,Robert Stone,2.22E+13,Male,Trebor Street 58,14-06-81,41
CU00330,Kelsey Bradshaw,2.22E+13,Male,Yeslek Street 80,22-01-86,37
CU00331,Ivy Short,2.21E+13,Male,Yvi Street 84,05-10-81,41
CU00332,Thad Black,2.22E+13,Male,Daht Street 30,08-04-79,44
CU00333,Ann Huerta,2.22E+13,Male,Nna Street 88,24-02-88,35
CU00334,Natalia Jennings,2.21E+13,Female,Ailatan Street 94,02-03-69,54
CU00335,Gonzalo Mcguire,2.22E+13,Female,Olaznog Street 81,01-08-90,32
CU00336,Annmarie Hobbs,2.21E+13,Male,Eiramnna Street 76,15-04-72,51
CU00337,Spencer Huff,2.22E+13,Female,Recneps Street 91,21-02-86,37
CU00338,Essie Bolton,2.22E+13,Male,Eisse Street 92,25-09-91,31
CU00339,Josiah Rich,2.22E+13,Male,Haisoj Street 27,25-08-85,37
CU00340,Estela Allen,2.22E+13,Female,Aletse Street 5,17-11-71,51
CU00341,Kelly Simmons,2.21E+13,Male,Yllek Street 67,14-10-92,30
CU00342,Joey Chaney,2.22E+13,Male,Yeoj Street 61,24-03-86,37
CU00343,Evangeline Wilkinson,2.21E+13,Male,Enilegnave Street 88,21-11-87,35
CU00344,Loretta Juarez,2.21E+13,Female,Atterol Street 95,08-06-89,33
CU00345,Jerold Bowman,2.21E+13,Male,Dlorej Street 13,15-03-75,48
CU00346,Wilbert Conway,2.22E+13,Male,Trebliw Street 84,20-07-89,33
CU00347,Clement Archer,2.21E+13,Female,Tnemelc Street 47,01-08-70,52
CU00348,Zachery Burch,2.21E+13,Male,Yrehcaz Street 71,28-10-83,39
CU00349,Danial Trevino,2.21E+13,Female,Lainad Street 82,20-05-71,51
CU00350,Margret Dean,2.21E+13,Male,Tergram Street 83,08-02-89,34
CU00351,Chasity Snow,2.22E+13,Female,Ytisahc Street 88,22-05-80,42
CU00352,Marquita Sparks,2.21E+13,Male,Atiuqram Street 93,03-02-91,32
CU00353,Art Kane,2.22E+13,Male,Tra Street 2,07-01-71,52
CU00354,Ernesto George,2.21E+13,Male,Otsenre Street 27,18-08-90,32
CU00355,Callie Sellers,2.21E+13,Male,Eillac Street 55,27-10-84,38
CU00356,Quinton Farmer,2.22E+13,Female,Notniuq Street 39,15-05-80,42
CU00357,Ilene Villanueva,2.22E+13,Male,Eneli Street 63,03-07-89,33
CU00358,Rogelio Cain,2.22E+13,Female,Oilegor Street 92,13-12-89,33
CU00359,Marlon Payne,2.22E+13,Female,Nolram Street 87,21-11-73,49
CU00360,Roman Simon,2.22E+13,Male,Namor Street 23,07-12-89,33
CU00361,Rosa Mcgee,2.22E+13,Male,Asor Street 97,17-04-73,50
CU00362,Denny Lynn,2.21E+13,Male,Ynned Street 31,15-01-87,36
CU00363,Eli Shannon,2.22E+13,Male,Ile Street 9,14-09-89,33
CU00364,Kristina Kirby,2.21E+13,Female,Anitsirk Street 37,05-05-85,37
CU00365,Kristi Herrera,2.22E+13,Female,Itsirk Street 71,16-09-90,32
CU00366,Malinda Leach,2.22E+13,Female,Adnilam Street 8,12-01-83,40
CU00367,Kendrick Newton,2.21E+13,Female,Kcirdnek Street 15,21-07-83,39
CU00368,Robert Cross,2.21E+13,Male,Trebor Street 12,02-08-92,30
CU00369,Alexandra Bean,2.22E+13,Female,Ardnaxela Street 78,12-09-72,50
CU00370,Jimmie Velasquez,2.22E+13,Female,Eimmij Street 95,12-01-76,47
CU00371,Williams Hayden,2.22E+13,Male,Smailliw Street 83,25-06-86,36
CU00372,Dorothea Brewer,2.21E+13,Male,Aehtorod Street 57,28-09-76,46
CU00373,Shelton James,2.22E+13,Female,Notlehs Street 27,20-10-86,36
CU00374,Josue Hopkins,2.22E+13,Female,Eusoj Street 34,15-09-69,53
CU00375,Dena Conrad,2.21E+13,Male,Aned Street 60,12-08-86,36
CU00376,Hilario Macdonald,2.21E+13,Male,Oiralih Street 24,22-03-82,41
CU00377,Darin Galloway,2.21E+13,Female,Nirad Street 45,02-07-82,40
CU00378,Rick Patterson,2.22E+13,Male,Kcir Street 24,26-06-84,38
CU00379,Fritz Phelps,2.21E+13,Male,Ztirf Street 40,21-10-92,30
CU00380,Branden Blake,2.21E+13,Male,Nednarb Street 21,16-02-87,36
CU00381,Araceli Pitts,2.21E+13,Female,Ilecara Street 15,11-02-72,51
CU00382,Guadalupe Cantu,2.21E+13,Male,Epuladaug Street 14,08-05-69,53
CU00383,Dixie Hunter,2.21E+13,Female,Eixid Street 14,03-08-82,40
CU00384,Colby Russell,2.21E+13,Female,Ybloc Street 46,06-09-70,52
CU00385,Elise Massey,2.21E+13,Male,Esile Street 8,02-09-78,44
CU00386,Claudio Mueller,2.21E+13,Female,Oidualc Street 10,20-08-83,39
CU00387,Henrietta Holden,2.22E+13,Male,Atteirneh Street 50,09-05-88,34
CU00388,Moises Glover,2.21E+13,Male,Sesiom Street 31,05-02-86,37
CU00389,Juanita Bright,2.22E+13,Female,Atinauj Street 64,28-02-78,45
CU00390,Erica Lopez,2.22E+13,Female,Acire Street 18,08-01-86,37
CU00391,Edwina Bentley,2.21E+13,Female,Aniwde Street 65,11-02-83,40
CU00392,Garth Velasquez,2.21E+13,Female,Htrag Street 28,09-01-69,54
CU00393,Allan Anthony,2.21E+13,Male,Nalla Street 18,28-07-79,43
CU00394,Lionel Duran,2.22E+13,Female,Lenoil Street 46,15-02-79,44
CU00395,Nina Lambert,2.22E+13,Female,Anin Street 32,24-12-80,42
CU00396,Casey Wilkins,2.21E+13,Female,Yesac Street 40,07-05-90,32
CU00397,Quinn Mcpherson,2.22E+13,Male,Nniuq Street 36,08-10-74,48
CU00398,Gretchen Stone,2.21E+13,Female,Nehcterg Street 75,21-02-88,35
CU00399,Elisabeth Barnes,2.21E+13,Male,Htebasile Street 33,10-05-71,51
CU00400,Luann Hopkins,2.21E+13,Male,Nnaul Street 62,28-03-88,35
CU00401,Bridget Grant,2.21E+13,Male,Tegdirb Street 44,13-05-89,33
CU00402,Preston Daniels,2.21E+13,Female,Notserp Street 26,18-05-91,31
CU00403,Bryon Cross,2.22E+13,Male,Noyrb Street 85,09-11-87,35
CU00404,Rusty Glenn,2.21E+13,Female,Ytsur Street 76,12-06-74,48
CU00405,Jermaine Kim,2.22E+13,Female,Eniamrej Street 45,01-10-74,48
CU00406,Salvatore Duncan,2.22E+13,Female,Erotavlas Street 28,18-05-88,34
CU00407,Dexter Odom,2.22E+13,Female,Retxed Street 38,02-07-75,47
CU00408,Bryan Acevedo,2.21E+13,Female,Nayrb Street 69,20-02-82,41
CU00409,Maria Morton,2.22E+13,Female,Airam Street 24,01-05-83,40
CU00410,Samuel Dominguez,2.22E+13,Male,Leumas Street 2,13-03-91,32
CU00411,Travis Schroeder,2.22E+13,Male,Sivart Street 97,23-03-87,36
CU00412,Cornell Buck,2.22E+13,Female,Llenroc Street 22,05-07-70,52
CU00413,Jonas Wise,2.22E+13,Male,Sanoj Street 67,23-08-75,47
CU00414,Robin Martin,2.22E+13,Female,Nibor Street 99,28-01-76,47
CU00415,Agnes Beard,2.22E+13,Female,Senga Street 44,22-12-78,44
CU00416,Ashley Fowler,2.21E+13,Female,Yelhsa Street 31,18-01-86,37
CU00417,Lisa Espinoza,2.22E+13,Male,Asil Street 55,11-10-81,41
CU00418,Janis Cantu,2.22E+13,Female,Sinaj Street 14,16-04-80,43
CU00419,Tasha House,2.21E+13,Female,Ahsat Street 79,09-06-72,50
CU00420,Maricela Parks,2.22E+13,Female,Aleciram Street 47,11-08-73,49
CU00421,Giovanni Webb,2.22E+13,Female,Innavoig Street 8,05-06-91,31
CU00422,Josef Rasmussen,2.22E+13,Male,Fesoj Street 100,11-05-70,52
CU00423,Carmela Mclaughlin,2.21E+13,Male,Alemrac Street 78,15-05-87,35
CU00424,Claire Barrett,2.22E+13,Female,Erialc Street 68,06-06-72,50
CU00425,Weldon Monroe,2.22E+13,Male,Nodlew Street 89,13-12-87,35
CU00426,Janelle Hess,2.22E+13,Male,Ellenaj Street 84,18-12-73,49
CU00427,Edwardo Huffman,2.22E+13,Male,Odrawde Street 86,09-06-72,50
CU00428,Carmine Galloway,2.22E+13,Male,Enimrac Street 16,16-12-88,34
CU00429,Bert Robertson,2.21E+13,Male,Treb Street 81,23-05-83,39
CU00430,Brooks Lynch,2.22E+13,Female,Skoorb Street 7,22-02-69,54
CU00431,Barbra Deleon,2.22E+13,Male,Arbrab Street 96,27-11-82,40
CU00432,Rachel Mcclure,2.22E+13,Female,Lehcar Street 37,05-09-74,48
CU00433,Carissa Wood,2.22E+13,Male,Assirac Street 85,04-09-86,36
CU00434,Yvonne Hatfield,2.21E+13,Male,Ennovy Street 85,22-10-90,32
CU00435,Laurence Wall,2.21E+13,Male,Ecnerual Street 34,20-01-84,39
CU00436,Steve Bell,2.21E+13,Female,Evets Street 57,10-11-85,37
CU00437,Virgil Mcintosh,2.22E+13,Female,Ligriv Street 65,25-05-86,36
CU00438,Lawanda Rivers,2.22E+13,Female,Adnawal Street 26,09-04-79,44
CU00439,Billie Luna,2.22E+13,Male,Eillib Street 82,13-11-88,34
CU00440,Irving Shah,2.22E+13,Male,Gnivri Street 88,17-01-84,39
CU00441,Robert Horne,2.21E+13,Female,Trebor Street 94,22-10-75,47
CU00442,Cara Hood,2.22E+13,Male,Arac Street 71,24-03-80,43
CU00443,Irwin Crane,2.22E+13,Female,Niwri Street 16,27-06-79,43
CU00444,Jonas Riley,2.21E+13,Male,Sanoj Street 17,02-07-78,44
CU00445,Gustavo Haley,2.21E+13,Female,Ovatsug Street 81,23-06-73,49
CU00446,Charmaine Huang,2.22E+13,Male,Eniamrahc Street 93,05-08-75,47
CU00447,Monique Kent,2.21E+13,Female,Euqinom Street 10,19-09-88,34
CU00448,Harvey Donovan,2.22E+13,Female,Yevrah Street 40,11-11-71,51
CU00449,Clarice Schmitt,2.21E+13,Male,Eciralc Street 61,04-03-84,39
CU00450,Ana Yang,2.21E+13,Female,Ana Street 92,12-01-84,39
CU00451,Ron Stout,2.21E+13,Male,Nor Street 69,12-09-80,42
CU00452,Rose Dodson,2.22E+13,Female,Esor Street 89,25-06-80,42
CU00453,Agnes Graham,2.22E+13,Female,Senga Street 40,16-06-92,30
CU00454,Millicent Meyer,2.22E+13,Female,Tnecillim Street 85,21-06-84,38
CU00455,Weldon Robertson,2.22E+13,Male,Nodlew Street 25,01-07-86,36
CU00456,Dallas Dalton,2.22E+13,Female,Sallad Street 90,17-06-79,43
CU00457,Mac Krueger,2.22E+13,Female,Cam Street 5,04-12-89,33
CU00458,Blaine Galvan,2.21E+13,Male,Enialb Street 77,21-03-84,39
CU00459,Clay Clayton,2.22E+13,Male,Yalc Street 10,28-07-79,43
CU00460,Robin Davis,2.22E+13,Male,Nibor Street 91,09-04-77,46
CU00461,Chauncey Villanueva,2.21E+13,Female,Yecnuahc Street 41,19-06-92,30
CU00462,Zachary Porter,2.21E+13,Female,Yrahcaz Street 55,04-06-87,35
CU00463,Alfredo Collier,2.22E+13,Male,Oderfla Street 48,19-08-70,52
CU00464,Carmen Guerrero,2.22E+13,Female,Nemrac Street 83,04-04-89,34
CU00465,Rochelle Larsen,2.22E+13,Female,Ellehcor Street 64,07-02-77,46
CU00466,Robt Stephenson,2.21E+13,Male,Tbor Street 34,28-10-72,50
CU00467,Avery Barry,2.22E+13,Male,Yreva Street 60,03-02-91,32
CU00468,Isaiah Mckinney,2.21E+13,Male,Haiasi Street 65,01-10-72,50
CU00469,Homer Fields,2.21E+13,Female,Remoh Street 55,12-03-73,50
CU00470,Louis English,2.22E+13,Male,Siuol Street 40,08-05-72,50
CU00471,Hiram Simpson,2.22E+13,Male,Marih Street 100,21-06-78,44
CU00472,Horacio Perez,2.21E+13,Female,Oicaroh Street 1,24-03-78,45
CU00473,Heidi Lucas,2.22E+13,Male,Idieh Street 15,01-02-77,46
CU00474,Tiffany Quinn,2.21E+13,Male,Ynaffit Street 18,20-01-83,40
CU00475,Brooke Conley,2.22E+13,Female,Ekoorb Street 91,11-11-88,34
CU00476,Charmaine Cowan,2.22E+13,Male,Eniamrahc Street 5,24-01-74,49
CU00477,Johnnie Silva,2.21E+13,Female,Einnhoj Street 2,14-07-70,52
CU00478,Ila Cuevas,2.21E+13,Male,Ali Street 71,27-10-74,48
CU00479,Marianne Tucker,2.22E+13,Male,Ennairam Street 12,26-09-70,52
CU00480,Sergio Wells,2.21E+13,Male,Oigres Street 49,22-10-80,42
CU00481,Tina Bauer,2.21E+13,Female,Anit Street 72,13-01-72,51
CU00482,Katie Lewis,2.22E+13,Female,Eitak Street 33,13-04-90,33
CU00483,Dennis Dickerson,2.22E+13,Male,Sinned Street 8,01-04-75,48
CU00484,Adrian Weiss,2.22E+13,Male,Nairda Street 68,27-11-78,44
CU00485,Erwin Hurst,2.21E+13,Female,Niwre Street 6,25-07-79,43
CU00486,Stacy Ho,2.21E+13,Female,Ycats Street 25,16-03-77,46
CU00487,Jerome Kirk,2.22E+13,Female,Emorej Street 35,01-11-80,42
CU00488,Josef Faulkner,2.21E+13,Female,Fesoj Street 89,21-11-89,33
CU00489,Terry Barton,2.21E+13,Male,Yrret Street 64,07-05-80,42
CU00490,Guadalupe Bonilla,2.21E+13,Male,Epuladaug Street 33,23-09-92,30
CU00491,Cameron Diaz,2.21E+13,Male,Noremac Street 17,20-07-74,48
CU00492,Glenda Spence,2.22E+13,Female,Adnelg Street 13,07-04-86,37
CU00493,Leola Shields,2.21E+13,Male,Aloel Street 75,26-06-73,49
CU00494,Perry Cordova,2.22E+13,Female,Yrrep Street 85,06-03-81,42
CU00495,Buddy Ritter,2.22E+13,Female,Yddub Street 74,09-01-88,35
CU00496,Margie Harris,2.21E+13,Female,Eigram Street 35,04-12-69,53
CU00497,Mel Gill,2.22E+13,Male,Lem Street 72,20-08-79,43
CU00498,Ariel Kaiser,2.22E+13,Male,Leira Street 8,11-06-76,46
CU00499,Charley Mays,2.22E+13,Female,Yelrahc Street 95,25-05-69,53
CU00500,Joann Fernandez,2.21E+13,Female,Nnaoj Street 68,02-10-81,41
CU00501,Lee Church,2.22E+13,Male,Eel Street 9,06-03-81,42
CU00502,Tim Short,2.21E+13,Male,Mit Street 47,04-07-74,48
CU00503,Frederick Harrell,2.21E+13,Female,Kcirederf Street 23,02-11-84,38
CU00504,Joesph Pierce,2.21E+13,Female,Hpseoj Street 97,25-11-83,39
CU00505,Arlene Velazquez,2.22E+13,Male,Enelra Street 90,08-05-75,47
CU00506,Faye Lambert,2.21E+13,Male,Eyaf Street 68,27-02-77,46
CU00507,Hollis Valentine,2.22E+13,Male,Silloh Street 9,18-04-73,50
CU00508,Logan Gillespie,2.21E+13,Male,Nagol Street 15,23-09-80,42
CU00509,Denise Blair,2.21E+13,Female,Esined Street 39,15-03-79,44
CU00510,Andy Abbott,2.22E+13,Male,Ydna Street 23,26-02-84,39
CU00511,Milo Singleton,2.21E+13,Male,Olim Street 53,03-06-87,35
CU00512,Gretchen Pitts,2.21E+13,Male,Nehcterg Street 45,21-05-88,34
CU00513,Lacey Golden,2.21E+13,Male,Yecal Street 52,28-08-86,36
CU00514,Gertrude Mcclure,2.22E+13,Female,Edurtreg Street 79,10-04-74,49
CU00515,Kieth Downs,2.21E+13,Male,Hteik Street 27,24-08-69,53
CU00516,Orlando Johnston,2.21E+13,Female,Odnalro Street 30,19-11-77,45
CU00517,Rod Harrell,2.22E+13,Female,Dor Street 45,02-12-85,37
CU00518,Janie Gay,2.21E+13,Female,Einaj Street 81,16-08-88,34
CU00519,Leland Chaney,2.22E+13,Female,Dnalel Street 52,27-04-77,46
CU00520,Jennifer Cantrell,2.22E+13,Male,Refinnej Street 88,24-04-75,48
CU00521,Cecelia Singleton,2.21E+13,Female,Ailecec Street 9,04-08-86,36
CU00522,Garland Weber,2.22E+13,Female,Dnalrag Street 50,21-10-84,38
CU00523,Shawn Walter,2.22E+13,Female,Nwahs Street 35,03-09-89,33
CU00524,Lolita Bender,2.21E+13,Male,Atilol Street 92,23-05-91,31
CU00525,Dante Barr,2.22E+13,Female,Etnad Street 73,17-12-77,45
CU00526,Cathleen Mathews,2.22E+13,Female,Neelhtac Street 95,03-10-73,49
CU00527,Demetrius Bowman,2.22E+13,Male,Suirtemed Street 18,22-05-92,30
CU00528,Art Luna,2.21E+13,Female,Tra Street 70,03-05-91,32
CU00529,Luke Church,2.21E+13,Female,Ekul Street 36,16-12-84,38
CU00530,Allison Tyler,2.22E+13,Male,Nosilla Street 60,05-12-86,36
CU00531,Dona Cain,2.22E+13,Female,Anod Street 27,12-04-86,37
CU00532,Weldon Diaz,2.21E+13,Male,Nodlew Street 38,19-10-82,40
CU00533,Sam Levine,2.22E+13,Female,Mas Street 80,19-02-77,46
CU00534,Wendi Sparks,2.22E+13,Female,Idnew Street 20,07-03-72,51
CU00535,Claudia Alexander,2.22E+13,Male,Aidualc Street 20,03-04-73,50
CU00536,Teri Brown,2.22E+13,Male,Iret Street 42,23-02-92,31
CU00537,Noreen Delacruz,2.21E+13,Male,Neeron Street 89,17-12-89,33
CU00538,Betsy Mcgee,2.22E+13,Female,Ysteb Street 75,07-03-74,49
CU00539,Frieda Sharp,2.22E+13,Female,Adeirf Street 95,01-11-85,37
CU00540,Jan Murray,2.21E+13,Female,Naj Street 33,08-12-85,37
CU00541,Janice Gallagher,2.22E+13,Male,Ecinaj Street 19,12-07-74,48
CU00542,Louise Spence,2.21E+13,Female,Esiuol Street 71,01-10-84,38
CU00543,Elmo Jordan,2.21E+13,Male,Omle Street 41,11-05-78,44
CU00544,Dewey Mullins,2.22E+13,Male,Yewed Street 96,24-09-76,46
CU00545,Bryant Kaufman,2.21E+13,Male,Tnayrb Street 7,03-02-91,32
CU00546,Ruby Santiago,2.22E+13,Male,Ybur Street 90,04-10-90,32
CU00547,Elbert Ayers,2.21E+13,Female,Treble Street 90,18-04-86,37
CU00548,Michael Owen,2.22E+13,Female,Leahcim Street 79,24-04-92,31
CU00549,Ashley Potts,2.21E+13,Male,Yelhsa Street 45,19-05-87,35
CU00550,Theron Ramos,2.21E+13,Male,Noreht Street 19,28-01-76,47
CU00551,Eloy Stevenson,2.21E+13,Male,Yole Street 81,23-07-79,43
CU00552,Robt Berger,2.21E+13,Female,Tbor Street 77,16-11-81,41
CU00553,Winston Hobbs,2.21E+13,Male,Notsniw Street 71,04-01-84,39
CU00554,Moses Fleming,2.22E+13,Male,Sesom Street 18,16-05-84,38
CU00555,Jean Wiggins,2.21E+13,Male,Naej Street 60,21-10-79,43
CU00556,Tommie Rivera,2.22E+13,Female,Eimmot Street 71,25-08-73,49
CU00557,Sara Cooper,2.22E+13,Female,Aras Street 29,23-11-77,45
CU00558,Maggie Forbes,2.21E+13,Male,Eiggam Street 2,15-10-71,51
CU00559,Rhea Bowman,2.21E+13,Female,Aehr Street 53,07-07-89,33
CU00560,Wilford Stevenson,2.22E+13,Male,Drofliw Street 93,22-07-84,38
CU00561,Douglas Roach,2.21E+13,Male,Salguod Street 38,25-08-70,52
CU00562,Tracy Hopkins,2.22E+13,Male,Ycart Street 74,14-11-90,32
CU00563,Ronda Davenport,2.22E+13,Female,Adnor Street 88,08-09-90,32
CU00564,Cheryl Pratt,2.22E+13,Female,Lyrehc Street 95,25-07-92,30
CU00565,Mark Small,2.22E+13,Male,Kram Street 44,01-10-90,32
CU00566,Gus Diaz,2.21E+13,Female,Sug Street 74,03-11-80,42
CU00567,Jillian Crawford,2.22E+13,Female,Naillij Street 25,05-06-79,43
CU00568,Latasha Ho,2.21E+13,Male,Ahsatal Street 19,03-04-77,46
CU00569,Marie Rogers,2.22E+13,Female,Eiram Street 27,13-06-84,38
CU00570,Burton Hinton,2.22E+13,Male,Notrub Street 4,01-07-73,49
CU00571,Earl Manning,2.21E+13,Female,Lrae Street 53,21-10-74,48
CU00572,Buddy Golden,2.21E+13,Male,Yddub Street 16,16-10-73,49
CU00573,Desiree Cantu,2.22E+13,Male,Eerised Street 36,04-08-80,42
CU00574,Russell Beard,2.21E+13,Female,Llessur Street 2,16-05-86,36
CU00575,Roman Hays,2.22E+13,Male,Namor Street 91,26-06-76,46
CU00576,Margie Hammond,2.21E+13,Male,Eigram Street 25,13-03-92,31
CU00577,Nickolas Daniel,2.22E+13,Male,Salokcin Street 96,16-05-86,36
CU00578,Heidi Gutierrez,2.21E+13,Female,Idieh Street 14,26-03-70,53
CU00579,Mitchell Strickland,2.22E+13,Female,Llehctim Street 13,19-03-70,53
CU00580,Elena Osborne,2.21E+13,Female,Anele Street 98,07-05-84,38
CU00581,Carlene Avery,2.22E+13,Female,Enelrac Street 35,11-01-82,41
CU00582,Vito Valentine,2.22E+13,Female,Otiv Street 14,27-02-84,39
CU00583,Roland Dougherty,2.22E+13,Male,Dnalor Street 57,21-01-76,47
CU00584,Nichole Harris,2.22E+13,Female,Elohcin Street 24,16-09-82,40
CU00585,Reba Harvey,2.22E+13,Female,Aber Street 82,01-08-74,48
CU00586,Earlene Barton,2.22E+13,Male,Enelrae Street 35,01-04-89,34
CU00587,Evan Garrison,2.22E+13,Male,Nave Street 5,28-05-87,35
CU00588,Angelo Kirk,2.22E+13,Male,Olegna Street 39,18-06-87,35
CU00589,Porfirio Ellison,2.22E+13,Male,Oirifrop Street 25,09-09-84,38
CU00590,Bernie Mckenzie,2.22E+13,Female,Einreb Street 92,18-02-76,47
CU00591,Eliza Wright,2.21E+13,Male,Azile Street 59,21-08-76,46
CU00592,Eva Riddle,2.21E+13,Female,Ave Street 37,05-09-92,30
CU00593,Errol Terrell,2.22E+13,Female,Lorre Street 9,16-11-84,38
CU00594,Adrian Trujillo,2.22E+13,Male,Nairda Street 90,19-02-85,38
CU00595,Kenton Kim,2.21E+13,Female,Notnek Street 80,08-10-83,39
CU00596,Dominique Marquez,2.21E+13,Female,Euqinimod Street 18,19-10-91,31
CU00597,Jeanne Green,2.22E+13,Male,Ennaej Street 94,28-03-88,35
CU00598,Tami Sharp,2.21E+13,Male,Imat Street 37,19-09-83,39
CU00599,Jill Beard,2.22E+13,Female,Llij Street 8,03-07-74,48
CU00600,Rebecca Hebert,2.21E+13,Male,Acceber Street 50,12-02-91,32
CU00601,Debra Farley,2.22E+13,Male,Arbed Street 38,17-03-91,32
CU00602,Erin Jarvis,2.22E+13,Female,Nire Street 67,05-06-85,37
CU00603,Holly Bolton,2.21E+13,Male,Ylloh Street 82,28-05-90,32
CU00604,Noe Erickson,2.22E+13,Female,Eon Street 67,07-07-76,46
CU00605,Roberto Black,2.22E+13,Female,Otrebor Street 47,06-04-81,42
CU00606,Ahmed Massey,2.21E+13,Female,Demha Street 86,06-04-84,39
CU00607,Leon Jimenez,2.22E+13,Female,Noel Street 4,02-03-75,48
CU00608,Darius Savage,2.22E+13,Male,Suirad Street 34,16-09-69,53
CU00609,Dannie Myers,2.21E+13,Male,Einnad Street 59,28-09-83,39
CU00610,Ron Benjamin,2.21E+13,Male,Nor Street 90,19-11-90,32
CU00611,Millard Cunningham,2.21E+13,Male,Drallim Street 53,27-04-82,41
CU00612,Ian Trujillo,2.22E+13,Female,Nai Street 16,14-09-69,53
CU00613,Arron Vaughn,2.22E+13,Female,Norra Street 69,20-05-83,39
CU00614,Joanne Pugh,2.21E+13,Male,Ennaoj Street 85,28-06-84,38
CU00615,Marta Ortega,2.21E+13,Female,Atram Street 70,17-05-71,51
CU00616,Dave Harrell,2.22E+13,Male,Evad Street 56,15-07-85,37
CU00617,Hans Page,2.21E+13,Female,Snah Street 31,18-02-81,42
CU00618,Edwardo Mcclure,2.22E+13,Male,Odrawde Street 89,10-04-86,37
CU00619,Mauro Austin,2.21E+13,Male,Oruam Street 18,12-07-75,47
CU00620,Betsy Finley,2.22E+13,Female,Ysteb Street 76,10-02-86,37
CU00621,Porfirio Espinoza,2.22E+13,Male,Oirifrop Street 51,12-12-92,30
CU00622,Charley Gordon,2.22E+13,Female,Yelrahc Street 91,27-04-89,34
CU00623,Gil Dudley,2.22E+13,Female,Lig Street 43,10-06-81,41
CU00624,Jean Parks,2.22E+13,Female,Naej Street 97,03-08-86,36
CU00625,Catherine Baird,2.22E+13,Male,Enirehtac Street 39,28-09-82,40
CU00626,Lillie Barnes,2.21E+13,Female,Eillil Street 38,23-01-92,31
CU00627,Dirk Reed,2.22E+13,Male,Krid Street 56,26-08-84,38
CU00628,Katy Barber,2.22E+13,Male,Ytak Street 93,02-01-89,34
CU00629,Colin Ramirez,2.21E+13,Female,Niloc Street 43,04-03-76,47
CU00630,Freda Park,2.22E+13,Male,Aderf Street 84,14-10-80,42
CU00631,Dolores Schroeder,2.21E+13,Female,Serolod Street 85,10-06-79,43
CU00632,Kris Webster,2.22E+13,Male,Sirk Street 59,14-09-91,31
CU00633,Jessie Nolan,2.22E+13,Male,Eissej Street 7,07-06-92,30
CU00634,Francis Patterson,2.21E+13,Male,Sicnarf Street 67,12-02-91,32
CU00635,Grace Byrd,2.21E+13,Female,Ecarg Street 28,18-03-86,37
CU00636,Rick Bennett,2.21E+13,Male,Kcir Street 24,25-11-87,35
CU00637,Pauline Park,2.22E+13,Female,Eniluap Street 56,26-04-89,34
CU00638,Sherrie Vance,2.22E+13,Male,Eirrehs Street 62,16-08-92,30
CU00639,Porfirio Durham,2.21E+13,Female,Oirifrop Street 38,17-02-73,50
CU00640,Kirsten Reynolds,2.22E+13,Female,Netsrik Street 72,03-04-79,44
CU00641,Sophie Meza,2.21E+13,Male,Eihpos Street 43,16-11-82,40
CU00642,Harrison Banks,2.22E+13,Female,Nosirrah Street 18,13-07-77,45
CU00643,Roslyn Holt,2.21E+13,Female,Nylsor Street 75,11-04-87,36
CU00644,Travis Moreno,2.22E+13,Female,Sivart Street 44,07-06-91,31
CU00645,Herminia Schroeder,2.21E+13,Male,Ainimreh Street 89,19-08-73,49
CU00646,Clara Wright,2.21E+13,Female,Aralc Street 89,18-05-90,32
CU00647,Kent Campbell,2.22E+13,Male,Tnek Street 51,14-10-83,39
CU00648,Daryl Newton,2.22E+13,Female,Lyrad Street 87,02-06-91,31
CU00649,Karina Murphy,2.21E+13,Male,Anirak Street 4,08-12-73,49
CU00650,Lloyd Burke,2.22E+13,Male,Dyoll Street 17,10-07-83,39
CU00651,Britney Whitaker,2.22E+13,Female,Yentirb Street 52,10-06-89,33
CU00652,Minnie Watkins,2.22E+13,Female,Einnim Street 86,28-01-78,45
CU00653,Carissa Henry,2.21E+13,Female,Assirac Street 7,18-07-76,46
CU00654,Candice Trevino,2.22E+13,Female,Ecidnac Street 18,18-11-81,41
CU00655,Avis Shea,2.22E+13,Male,Siva Street 13,15-05-72,50
CU00656,Lois Cline,2.21E+13,Male,Siol Street 97,23-08-87,35
CU00657,Calvin Schwartz,2.22E+13,Male,Nivlac Street 24,01-12-86,36
CU00658,Janna Delgado,2.22E+13,Female,Annaj Street 90,07-12-72,50
CU00659,Bill Thompson,2.22E+13,Male,Llib Street 50,03-02-86,37
CU00660,Jacklyn Glass,2.21E+13,Male,Nylkcaj Street 18,23-05-79,43
CU00661,Gabrielle Daugherty,2.22E+13,Male,Elleirbag Street 54,21-11-71,51
CU00662,Miguel Mccarty,2.22E+13,Female,Leugim Street 96,21-06-69,53
CU00663,Jarred Raymond,2.21E+13,Male,Derraj Street 52,08-03-84,39
CU00664,Meagan Payne,2.22E+13,Female,Nagaem Street 28,15-11-72,50
CU00665,Leonardo Lin,2.22E+13,Female,Odranoel Street 84,19-09-83,39
CU00666,Delores Rosario,2.21E+13,Female,Seroled Street 43,02-09-86,36
CU00667,Ken Tucker,2.22E+13,Male,Nek Street 73,02-01-79,44
CU00668,Ronny Stevens,2.21E+13,Female,Ynnor Street 18,19-06-79,43
CU00669,Darrell Bowers,2.22E+13,Female,Llerrad Street 55,16-04-87,36
CU00670,John Curtis,2.22E+13,Female,Nhoj Street 17,06-06-72,50
CU00671,Karen Grant,2.22E+13,Female,Nerak Street 40,13-07-69,53
CU00672,Jerold Molina,2.22E+13,Male,Dlorej Street 87,22-07-69,53
CU00673,Allen Miles,2.21E+13,Female,Nella Street 63,06-01-80,43
CU00674,German Monroe,2.22E+13,Female,Namreg Street 40,23-06-90,32
CU00675,Ina Davidson,2.21E+13,Female,Ani Street 1,06-12-79,43
CU00676,Leticia Lindsey,2.21E+13,Female,Aicitel Street 67,06-07-83,39
CU00677,Jayne Hoffman,2.22E+13,Female,Enyaj Street 78,14-05-91,31
CU00678,Pearlie Cochran,2.21E+13,Male,Eilraep Street 87,09-08-91,31
CU00679,Dean Wade,2.22E+13,Male,Naed Street 15,07-05-71,51
CU00680,Audrey Simpson,2.22E+13,Female,Yerdua Street 60,05-05-87,35
CU00681,Benito Alvarado,2.22E+13,Male,Otineb Street 14,17-05-84,38
CU00682,Megan Alvarez,2.22E+13,Male,Nagem Street 8,28-01-78,45
CU00683,Shawn Garner,2.21E+13,Female,Nwahs Street 71,05-09-72,50
CU00684,Leanne Hensley,2.22E+13,Male,Ennael Street 89,14-09-81,41
CU00685,Randi Wilkerson,2.22E+13,Male,Idnar Street 32,03-05-73,50
CU00686,Walter Wise,2.22E+13,Male,Retlaw Street 65,20-04-77,46
CU00687,Wilbur Dudley,2.21E+13,Female,Rubliw Street 56,28-04-89,34
CU00688,Alba Glenn,2.21E+13,Male,Abla Street 63,09-09-86,36
CU00689,Millie Dunlap,2.22E+13,Male,Eillim Street 64,19-02-87,36
CU00690,Bryan Downs,2.22E+13,Male,Nayrb Street 12,14-03-72,51
CU00691,Angelo Everett,2.21E+13,Male,Olegna Street 74,20-09-91,31
CU00692,Elena Ingram,2.22E+13,Female,Anele Street 2,14-06-92,30
CU00693,Margret Macdonald,2.21E+13,Male,Tergram Street 80,28-12-87,35
CU00694,Karla Palmer,2.21E+13,Female,Alrak Street 29,17-11-74,48
CU00695,Taylor Pitts,2.21E+13,Female,Rolyat Street 47,19-10-69,53
CU00696,Merlin Durham,2.22E+13,Male,Nilrem Street 14,05-05-81,41
CU00697,Lorenzo Whitaker,2.22E+13,Male,Oznerol Street 35,01-11-86,36
CU00698,Cole Peterson,2.22E+13,Female,Eloc Street 85,16-10-74,48
CU00699,Walker Rodgers,2.22E+13,Female,Reklaw Street 30,27-10-89,33
CU00700,Flora Valenzuela,2.21E+13,Female,Arolf Street 23,06-05-89,33
CU00701,Glenda Robertson,2.22E+13,Female,Adnelg Street 81,12-10-79,43
CU00702,Joanna Yoder,2.22E+13,Female,Annaoj Street 21,18-03-92,31
CU00703,Dannie Bradley,2.22E+13,Female,Einnad Street 48,09-11-92,30
CU00704,Sidney Hoover,2.21E+13,Female,Yendis Street 34,05-11-88,34
CU00705,Mia Knight,2.21E+13,Male,Aim Street 88,02-12-92,30
CU00706,Kate Walsh,2.22E+13,Female,Etak Street 62,23-02-85,38
CU00707,Kelley Lozano,2.22E+13,Female,Yellek Street 88,15-09-71,51
CU00708,Ellen Higgins,2.21E+13,Male,Nelle Street 7,25-03-80,43
CU00709,Lizzie Day,2.22E+13,Female,Eizzil Street 43,04-02-89,34
CU00710,Melinda Travis,2.22E+13,Male,Adnilem Street 28,05-03-89,34
CU00711,Trevor Douglas,2.22E+13,Male,Rovert Street 85,07-12-86,36
CU00712,Grover Gilbert,2.21E+13,Female,Revorg Street 4,17-05-72,50
CU00713,Aisha Calderon,2.21E+13,Male,Ahsia Street 38,22-04-72,51
CU00714,Georgette Warner,2.22E+13,Female,Ettegroeg Street 38,27-08-69,53
CU00715,Brendan Powers,2.22E+13,Male,Nadnerb Street 57,04-12-80,42
CU00716,Deirdre Bishop,2.21E+13,Male,Erdried Street 16,02-06-90,32
CU00717,Marcia Hahn,2.21E+13,Male,Aicram Street 71,19-05-83,39
CU00718,Francine Mendez,2.21E+13,Female,Enicnarf Street 44,07-12-79,43
CU00719,Melvin Haney,2.22E+13,Male,Nivlem Street 71,04-04-80,43
CU00720,Carmen Stuart,2.21E+13,Female,Nemrac Street 20,24-03-78,45
CU00721,Faustino Davidson,2.21E+13,Male,Onitsuaf Street 44,13-09-77,45
CU00722,Myra Stokes,2.22E+13,Female,Arym Street 94,17-07-76,46
CU00723,Josiah Santos,2.21E+13,Female,Haisoj Street 18,22-09-90,32
CU00724,Adolph Oneill,2.22E+13,Male,Hploda Street 22,06-06-76,46
CU00725,Berry Levy,2.22E+13,Female,Yrreb Street 92,26-03-75,48
CU00726,Alton Cuevas,2.22E+13,Female,Notla Street 83,20-06-69,53
CU00727,Jame Richmond,2.21E+13,Female,Emaj Street 55,10-11-81,41
CU00728,Nicole Chung,2.22E+13,Male,Elocin Street 70,04-01-72,51
CU00729,Marie Spence,2.22E+13,Male,Eiram Street 40,04-10-70,52
CU00730,Glenn Garrison,2.21E+13,Male,Nnelg Street 51,28-08-80,42
CU00731,Stanley Ramos,2.22E+13,Male,Yelnats Street 73,12-05-83,39
CU00732,Joni Parrish,2.21E+13,Female,Inoj Street 60,01-11-80,42
CU00733,Lauri Hill,2.22E+13,Female,Irual Street 32,03-09-87,35
CU00734,Vicki Mclean,2.21E+13,Female,Ikciv Street 24,11-08-83,39
CU00735,Margery Mclaughlin,2.21E+13,Female,Yregram Street 94,15-11-77,45
CU00736,Michael Castro,2.21E+13,Female,Leahcim Street 17,18-11-72,50
CU00737,Esperanza Meyers,2.22E+13,Female,Aznarepse Street 63,27-08-72,50
CU00738,Leanne Roy,2.22E+13,Female,Ennael Street 87,10-09-79,43
CU00739,Antonio Bruce,2.22E+13,Male,Oinotna Street 52,10-09-89,33
CU00740,Dana Jennings,2.21E+13,Male,Anad Street 58,13-03-78,45
CU00741,Aaron Combs,2.21E+13,Male,Noraa Street 29,15-09-88,34
CU00742,Marie Stanton,2.22E+13,Male,Eiram Street 39,20-04-87,36
CU00743,Carolyn Flores,2.22E+13,Female,Nylorac Street 23,13-06-91,31
CU00744,Miranda Sims,2.21E+13,Male,Adnarim Street 61,22-12-92,30
CU00745,Denny Randolph,2.22E+13,Female,Ynned Street 69,05-01-78,45
CU00746,Jack Underwood,2.22E+13,Female,Kcaj Street 31,13-01-77,46
CU00747,Woodrow Herring,2.22E+13,Female,Wordoow Street 48,26-02-79,44
CU00748,Luciano Houston,2.21E+13,Female,Onaicul Street 5,28-05-74,48
CU00749,Mitchel Campos,2.22E+13,Female,Lehctim Street 50,26-11-71,51
CU00750,Alyssa Castaneda,2.22E+13,Male,Assyla Street 37,03-05-86,37
CU00751,Nanette Brennan,2.22E+13,Female,Ettenan Street 40,13-07-79,43
CU00752,Travis Guzman,2.21E+13,Male,Sivart Street 22,22-03-71,52
CU00753,Patrica Macdonald,2.21E+13,Female,Acirtap Street 56,24-10-87,35
CU00754,Rosalinda Manning,2.21E+13,Male,Adnilasor Street 94,21-07-73,49
CU00755,Lauren Baker,2.21E+13,Male,Nerual Street 8,06-06-80,42
CU00756,Harriett Moreno,2.22E+13,Female,Tteirrah Street 2,02-12-75,47
CU00757,Ethel Barker,2.21E+13,Female,Lehte Street 18,06-05-72,50
CU00758,Claudine Mercado,2.21E+13,Male,Enidualc Street 31,17-06-80,42
CU00759,Rosario Potts,2.22E+13,Male,Oirasor Street 92,03-10-82,40
CU00760,Taylor Trevino,2.21E+13,Female,Rolyat Street 74,14-08-71,51
CU00761,Janna Ross,2.21E+13,Female,Annaj Street 83,20-01-86,37
CU00762,Sabrina Salazar,2.21E+13,Female,Anirbas Street 60,13-09-89,33
CU00763,Lynne Lynch,2.21E+13,Male,Ennyl Street 31,19-03-78,45
CU00764,Hollie Huynh,2.22E+13,Female,Eilloh Street 17,19-11-83,39
CU00765,Luella Vincent,2.22E+13,Female,Alleul Street 20,05-11-84,38
CU00766,James Ritter,2.22E+13,Female,Semaj Street 52,20-07-73,49
CU00767,Keri Dawson,2.21E+13,Female,Irek Street 1,18-01-73,50
CU00768,Bernice Moody,2.21E+13,Female,Ecinreb Street 7,15-03-87,36
CU00769,Julius Carroll,2.22E+13,Female,Suiluj Street 39,14-05-73,49
CU00770,Basil Daniel,2.22E+13,Male,Lisab Street 86,07-08-76,46
CU00771,Jarrod Snyder,2.21E+13,Female,Dorraj Street 51,10-11-83,39
CU00772,Yesenia Harvey,2.21E+13,Male,Ainesey Street 16,15-08-90,32
CU00773,Luis Ellison,2.21E+13,Female,Siul Street 75,01-06-83,39
CU00774,Eugenio Bird,2.21E+13,Female,Oinegue Street 91,05-09-71,51
CU00775,Julie Mcclure,2.22E+13,Female,Eiluj Street 96,24-05-76,46
CU00776,Maribel Lyons,2.21E+13,Female,Lebiram Street 26,08-10-84,38
CU00777,Concepcion Valencia,2.22E+13,Male,Noicpecnoc Street 72,13-05-86,36
CU00778,Monty Boyle,2.21E+13,Male,Ytnom Street 88,11-07-73,49
CU00779,Woodrow Huff,2.22E+13,Female,Wordoow Street 58,23-03-81,42
CU00780,Queen Berg,2.21E+13,Male,Neeuq Street 59,18-02-83,40
CU00781,Nigel Cain,2.22E+13,Female,Legin Street 54,02-03-87,36
CU00782,Gavin Baxter,2.22E+13,Male,Nivag Street 71,11-12-72,50
CU00783,Marta Lane,2.21E+13,Female,Atram Street 78,17-03-75,48
CU00784,Alyce Guerrero,2.22E+13,Male,Ecyla Street 74,14-02-73,50
CU00785,Preston Boyle,2.22E+13,Female,Notserp Street 65,18-03-90,33
CU00786,Albert Conner,2.22E+13,Male,Trebla Street 11,22-10-82,40
CU00787,Earnest Rowe,2.22E+13,Female,Tsenrae Street 52,23-08-75,47
CU00788,Brain Harrison,2.21E+13,Female,Niarb Street 16,23-01-74,49
CU00789,Colby Griffith,2.22E+13,Female,Ybloc Street 31,16-06-92,30
CU00790,Ulysses Dillon,2.22E+13,Male,Sessylu Street 15,18-11-69,53
CU00791,Alonzo Maddox,2.22E+13,Male,Oznola Street 2,04-08-82,40
CU00792,Edna Massey,2.22E+13,Male,Ande Street 37,14-11-85,37
CU00793,Benito Anderson,2.21E+13,Male,Otineb Street 35,15-05-89,33
CU00794,Rae Moon,2.21E+13,Male,Ear Street 30,26-09-90,32
CU00795,Ernesto Richards,2.21E+13,Female,Otsenre Street 67,23-11-79,43
CU00796,Lawanda Russo,2.22E+13,Female,Adnawal Street 23,08-11-89,33
CU00797,Augusta Mcguire,2.22E+13,Female,Atsugua Street 49,03-10-81,41
CU00798,Dominique Lowe,2.21E+13,Male,Euqinimod Street 39,24-03-71,52
CU00799,Sybil Norman,2.21E+13,Female,Libys Street 60,17-02-73,50
CU00800,Brandy Gallegos,2.22E+13,Male,Ydnarb Street 44,20-05-91,31
CU00801,Amalia Monroe,2.21E+13,Female,Ailama Street 8,27-03-85,38
CU00802,Therese Woodard,2.21E+13,Male,Esereht Street 85,16-09-79,43
CU00803,Alvaro Bean,2.21E+13,Female,Oravla Street 93,16-04-78,45
CU00804,Geraldine Hendricks,2.22E+13,Female,Enidlareg Street 88,16-03-70,53
CU00805,Darrin Logan,2.22E+13,Male,Nirrad Street 45,07-01-74,49
CU00806,Ian Dunn,2.21E+13,Male,Nai Street 56,17-02-90,33
CU00807,Jon Gray,2.22E+13,Female,Noj Street 30,02-07-89,33
CU00808,Alba Maldonado,2.21E+13,Male,Abla Street 70,11-11-76,46
CU00809,Margie Santiago,2.22E+13,Female,Eigram Street 87,13-08-88,34
CU00810,Lessie Baldwin,2.21E+13,Female,Eissel Street 30,09-03-89,34
CU00811,Trey Meza,2.22E+13,Male,Yert Street 67,23-08-83,39
CU00812,Maryellen Parker,2.22E+13,Female,Nelleyram Street 3,14-02-77,46
CU00813,Woodrow Cowan,2.22E+13,Female,Wordoow Street 66,13-02-89,34
CU00814,Tami Walls,2.21E+13,Female,Imat Street 79,08-12-78,44
CU00815,Elva Solomon,2.22E+13,Female,Avle Street 97,27-12-85,37
CU00816,Moses Haynes,2.21E+13,Male,Sesom Street 27,10-12-76,46
CU00817,Zane Melton,2.21E+13,Female,Enaz Street 43,11-08-75,47
CU00818,Darcy Rhodes,2.22E+13,Male,Ycrad Street 94,03-07-78,44
CU00819,Alan Simmons,2.22E+13,Female,Nala Street 48,24-02-86,37
CU00820,Brian Owens,2.21E+13,Male,Nairb Street 38,09-05-75,47
CU00821,Jess Brooks,2.21E+13,Female,Ssej Street 79,13-01-85,38
CU00822,Nita Russo,2.22E+13,Male,Atin Street 45,13-11-88,34
CU00823,Charlene Dunn,2.22E+13,Female,Enelrahc Street 46,02-10-79,43
CU00824,Genevieve Hays,2.21E+13,Male,Eveiveneg Street 69,09-02-91,32
CU00825,Hector Huerta,2.21E+13,Female,Rotceh Street 41,24-07-69,53
CU00826,Jimmy Gutierrez,2.22E+13,Female,Ymmij Street 65,01-01-76,47
CU00827,Ken Sellers,2.22E+13,Female,Nek Street 17,27-10-84,38
CU00828,Gilbert Malone,2.22E+13,Male,Treblig Street 39,21-08-85,37
CU00829,Haley Nunez,2.21E+13,Male,Yelah Street 37,24-05-83,39
CU00830,Stan Wilkins,2.21E+13,Female,Nats Street 35,17-02-87,36
CU00831,Jimmie Bush,2.22E+13,Male,Eimmij Street 76,11-10-81,41
CU00832,Kyle Carlson,2.22E+13,Male,Elyk Street 91,17-04-76,47
CU00833,Kristine Mccormick,2.21E+13,Male,Enitsirk Street 83,16-02-91,32
CU00834,Josiah English,2.22E+13,Male,Haisoj Street 90,16-01-73,50
CU00835,Julia Henderson,2.21E+13,Female,Ailuj Street 21,19-04-75,48
CU00836,Ora Lyons,2.22E+13,Male,Aro Street 44,06-11-72,50
CU00837,Leonel Yates,2.22E+13,Female,Lenoel Street 40,18-08-89,33
CU00838,Jonathon Brock,2.21E+13,Female,Nohtanoj Street 96,08-10-76,46
CU00839,Galen Todd,2.22E+13,Female,Nelag Street 33,02-03-71,52
CU00840,Socorro Roberson,2.22E+13,Female,Orrocos Street 42,18-07-89,33
CU00841,Bertie Alexander,2.22E+13,Male,Eitreb Street 60,18-02-74,49
CU00842,Delmar Mccullough,2.22E+13,Female,Ramled Street 4,26-05-77,45
CU00843,Jesus Hodge,2.22E+13,Female,Susej Street 89,17-05-74,48
CU00844,Jerold Trujillo,2.21E+13,Female,Dlorej Street 50,26-08-81,41
CU00845,Mauricio Christensen,2.22E+13,Female,Oiciruam Street 29,17-04-85,38
CU00846,Cora Taylor,2.21E+13,Male,Aroc Street 7,14-03-75,48
CU00847,Theron Fuller,2.21E+13,Male,Noreht Street 70,02-01-71,52
CU00848,Merrill Lane,2.21E+13,Male,Llirrem Street 83,11-04-81,42
CU00849,Kristina Aguirre,2.21E+13,Female,Anitsirk Street 69,04-12-80,42
CU00850,Samantha Mcclain,2.21E+13,Male,Ahtnamas Street 6,03-07-78,44
CU00851,Sophie Kennedy,2.21E+13,Male,Eihpos Street 92,28-08-89,33
CU00852,Josh Savage,2.21E+13,Female,Hsoj Street 68,26-03-69,54
CU00853,Kara Duran,2.22E+13,Male,Arak Street 80,14-12-76,46
CU00854,Kerri Gentry,2.21E+13,Female,Irrek Street 25,22-05-81,41
CU00855,Bob Howard,2.22E+13,Female,Bob Street 90,23-06-80,42
CU00856,Marvin Hall,2.22E+13,Male,Nivram Street 37,27-05-83,39
CU00857,Samantha Blevins,2.22E+13,Male,Ahtnamas Street 42,19-03-84,39
CU00858,Norbert Crosby,2.21E+13,Male,Trebron Street 94,28-05-70,52
CU00859,Paulette Church,2.22E+13,Male,Etteluap Street 54,22-09-84,38
CU00860,Guy Hoover,2.22E+13,Female,Yug Street 43,12-12-88,34
CU00861,Penelope Lee,2.21E+13,Female,Epolenep Street 95,20-08-90,32
CU00862,Nolan Castro,2.22E+13,Male,Nalon Street 16,19-03-89,34
CU00863,Caleb Duke,2.21E+13,Female,Belac Street 88,13-10-75,47
CU00864,Gilbert Hardin,2.21E+13,Female,Treblig Street 10,19-02-83,40
CU00865,Daphne Byrd,2.22E+13,Male,Enhpad Street 70,13-11-88,34
CU00866,Socorro Sharp,2.21E+13,Male,Orrocos Street 47,11-05-69,53
CU00867,Dianna Escobar,2.22E+13,Female,Annaid Street 92,24-01-76,47
CU00868,Karyn Fry,2.22E+13,Female,Nyrak Street 78,07-01-88,35
CU00869,Reynaldo Strickland,2.22E+13,Female,Odlanyer Street 39,01-06-92,30
CU00870,Ricardo Moody,2.21E+13,Female,Odracir Street 89,18-10-81,41
CU00871,Lee Holden,2.22E+13,Female,Eel Street 33,12-12-91,31
CU00872,Audrey Gibbs,2.22E+13,Female,Yerdua Street 12,01-09-82,40
CU00873,Georgette Nash,2.22E+13,Female,Ettegroeg Street 20,08-10-89,33
CU00874,Janna Villanueva,2.22E+13,Male,Annaj Street 75,22-02-77,46
CU00875,Emma Beck,2.22E+13,Male,Amme Street 54,15-08-80,42
CU00876,Gay Arellano,2.22E+13,Female,Yag Street 47,24-01-70,53
CU00877,Jacob Lawson,2.21E+13,Female,Bocaj Street 42,10-02-69,54
CU00878,Domingo Duran,2.22E+13,Male,Ognimod Street 21,10-10-89,33
CU00879,William Orozco,2.22E+13,Female,Mailliw Street 81,14-03-82,41
CU00880,Willie Parker,2.22E+13,Male,Eilliw Street 90,14-08-74,48
CU00881,Sebastian Mack,2.21E+13,Male,Naitsabes Street 45,23-09-73,49
CU00882,Emery Browning,2.22E+13,Female,Yreme Street 7,26-01-69,54
CU00883,Matilda Sexton,2.21E+13,Male,Adlitam Street 42,25-08-71,51
CU00884,Amos Irwin,2.21E+13,Male,Soma Street 77,04-02-76,47
CU00885,Jaime Moody,2.21E+13,Male,Emiaj Street 7,15-07-84,38
CU00886,Boyd Pearson,2.22E+13,Male,Dyob Street 4,03-02-92,31
CU00887,Thelma Pennington,2.22E+13,Male,Amleht Street 37,16-07-71,51
CU00888,Pansy Bridges,2.22E+13,Male,Ysnap Street 89,19-04-71,52
CU00889,Corina Levine,2.22E+13,Male,Aniroc Street 57,25-03-69,54
CU00890,Enid Johnson,2.22E+13,Female,Dine Street 96,09-12-74,48
CU00891,Dominick Curtis,2.21E+13,Male,Kcinimod Street 30,05-06-92,30
CU00892,Jan Jordan,2.21E+13,Female,Naj Street 34,19-07-73,49
CU00893,Vicente Sparks,2.21E+13,Female,Etneciv Street 96,17-05-74,48
CU00894,Chris Huber,2.21E+13,Male,Sirhc Street 52,14-09-90,32
CU00895,Joesph Swanson,2.21E+13,Female,Hpseoj Street 60,12-11-74,48
CU00896,Mable Cole,2.22E+13,Female,Elbam Street 61,20-04-79,44
CU00897,Robt Guzman,2.21E+13,Female,Tbor Street 52,28-08-81,41
CU00898,Luz Hansen,2.21E+13,Female,Zul Street 68,04-12-71,51
CU00899,Jess Rodriguez,2.22E+13,Male,Ssej Street 56,08-02-92,31
CU00900,Jorge Frost,2.21E+13,Female,Egroj Street 22,12-05-84,38
CU00901,Wilton Ayers,2.22E+13,Male,Notliw Street 61,14-11-82,40
CU00902,Vilma Sandoval,2.22E+13,Female,Amliv Street 93,12-11-81,41
CU00903,Corine Mayer,2.21E+13,Female,Eniroc Street 83,10-08-84,38
CU00904,Rosendo Norris,2.22E+13,Female,Odnesor Street 39,08-05-73,49
CU00905,Rolando Singh,2.22E+13,Female,Odnalor Street 12,12-01-82,41
CU00906,Stewart Washington,2.22E+13,Male,Trawets Street 16,28-09-86,36
CU00907,Catalina Bradley,2.21E+13,Female,Anilatac Street 96,04-11-90,32
CU00908,Constance Bell,2.22E+13,Male,Ecnatsnoc Street 83,27-05-69,53
CU00909,Betsy Livingston,2.21E+13,Male,Ysteb Street 37,21-02-74,49
CU00910,Eddie Lee,2.21E+13,Male,Eidde Street 12,13-09-75,47
CU00911,Bethany Ibarra,2.22E+13,Female,Ynahteb Street 52,15-11-76,46
CU00912,Grover Roman,2.22E+13,Male,Revorg Street 15,04-08-86,36
CU00913,Lynda Weiss,2.22E+13,Male,Adnyl Street 28,28-07-76,46
CU00914,Ashley Singh,2.21E+13,Male,Yelhsa Street 46,15-09-84,38
CU00915,Max Ross,2.22E+13,Female,Xam Street 98,08-07-85,37
CU00916,Coleman Davila,2.21E+13,Female,Nameloc Street 45,27-06-69,53
CU00917,Devin Avery,2.22E+13,Male,Nived Street 96,12-03-77,46
CU00918,Susan Mcclure,2.21E+13,Male,Nasus Street 60,23-01-88,35
CU00919,Holly Brady,2.22E+13,Male,Ylloh Street 21,10-06-74,48
CU00920,Jorge Benjamin,2.22E+13,Male,Egroj Street 59,27-11-86,36
CU00921,Alfonzo Carson,2.22E+13,Male,Oznofla Street 88,08-06-82,40
CU00922,Olive Rangel,2.21E+13,Male,Evilo Street 97,22-02-88,35
CU00923,Cornell Martinez,2.22E+13,Male,Llenroc Street 29,05-05-73,49
CU00924,Marva Robinson,2.22E+13,Female,Avram Street 8,22-07-91,31
CU00925,Annabelle Richard,2.21E+13,Female,Ellebanna Street 76,08-07-89,33
CU00926,Lessie Humphrey,2.21E+13,Female,Eissel Street 88,21-10-82,40
CU00927,Bette Monroe,2.22E+13,Male,Etteb Street 37,14-11-84,38
CU00928,Kristy Fuentes,2.22E+13,Male,Ytsirk Street 46,01-11-81,41
CU00929,Mandy Harrison,2.22E+13,Female,Ydnam Street 42,17-02-80,43
CU00930,Sterling Carroll,2.22E+13,Female,Gnilrets Street 74,25-11-91,31
CU00931,Maryann Brewer,2.21E+13,Male,Nnayram Street 30,13-09-81,41
CU00932,Leigh Peters,2.22E+13,Female,Hgiel Street 30,12-12-87,35
CU00933,Claude Goodman,2.21E+13,Male,Edualc Street 45,14-05-75,47
CU00934,Ursula York,2.22E+13,Male,Alusru Street 68,26-05-92,30
CU00935,Maxwell Rosario,2.22E+13,Female,Llewxam Street 62,27-07-92,30
CU00936,Isaiah Drake,2.22E+13,Male,Haiasi Street 32,08-04-90,33
CU00937,Stacey Booth,2.22E+13,Female,Yecats Street 75,28-09-76,46
CU00938,Drew Hunt,2.22E+13,Male,Werd Street 29,06-12-69,53
CU00939,Delores Odonnell,2.21E+13,Female,Seroled Street 61,05-08-91,31
CU00940,Rudolph Mclean,2.22E+13,Female,Hplodur Street 91,02-10-70,52
CU00941,Merrill Schroeder,2.22E+13,Female,Llirrem Street 35,28-05-91,31
CU00942,Lenard Faulkner,2.21E+13,Female,Dranel Street 52,24-01-72,51
CU00943,Ricky Lindsey,2.22E+13,Female,Ykcir Street 6,06-07-69,53
CU00944,Ilene Wyatt,2.21E+13,Female,Eneli Street 6,12-01-80,43
CU00945,Romeo Santos,2.22E+13,Female,Oemor Street 100,10-03-77,46
CU00946,Maribel Ayers,2.22E+13,Male,Lebiram Street 10,17-08-72,50
CU00947,Paula Cardenas,2.21E+13,Male,Aluap Street 37,13-02-74,49
CU00948,Lauri Norris,2.22E+13,Male,Irual Street 78,05-04-71,52
CU00949,Coleman Vasquez,2.22E+13,Male,Nameloc Street 59,23-05-83,39
CU00950,Stacey Collins,2.21E+13,Male,Yecats Street 9,24-02-83,40
CU00951,Althea Griffith,2.22E+13,Male,Aehtla Street 95,19-04-85,38
CU00952,Leann Carroll,2.21E+13,Female,Nnael Street 71,17-12-88,34
CU00953,Tamika Cruz,2.22E+13,Male,Akimat Street 65,15-09-76,46
CU00954,Esmeralda Parsons,2.22E+13,Male,Adlaremse Street 38,18-10-72,50
CU00955,Jamie Hardin,2.22E+13,Female,Eimaj Street 7,24-02-83,40
CU00956,Jackie Gordon,2.22E+13,Female,Eikcaj Street 37,18-11-79,43
CU00957,Young Rangel,2.21E+13,Female,Gnuoy Street 20,24-08-89,33
CU00958,Leonard Benson,2.22E+13,Female,Dranoel Street 15,12-04-89,34
CU00959,Charity Fitzpatrick,2.22E+13,Male,Ytirahc Street 38,25-09-85,37
CU00960,Sherri Camacho,2.22E+13,Female,Irrehs Street 87,20-06-77,45
CU00961,Clayton Nelson,2.22E+13,Female,Notyalc Street 52,20-07-80,42
CU00962,Harris Carrillo,2.22E+13,Male,Sirrah Street 75,07-07-74,48
CU00963,Wilson Krueger,2.21E+13,Female,Nosliw Street 68,13-07-87,35
CU00964,Natalie Lawrence,2.22E+13,Male,Eilatan Street 2,08-08-87,35
CU00965,Edmond Goodman,2.22E+13,Female,Dnomde Street 92,25-04-77,46
CU00966,Lavern Oconnell,2.22E+13,Female,Nreval Street 39,06-04-72,51
CU00967,Carl Carpenter,2.22E+13,Male,Lrac Street 10,25-09-82,40
CU00968,Eula Winters,2.22E+13,Male,Alue Street 98,05-09-86,36
CU00969,Erin Spencer,2.22E+13,Male,Nire Street 80,16-09-88,34
CU00970,Conrad Richmond,2.21E+13,Male,Darnoc Street 55,26-08-76,46
CU00971,Natalia Best,2.21E+13,Female,Ailatan Street 10,14-07-87,35
CU00972,Felix Morton,2.22E+13,Female,Xilef Street 43,11-09-69,53
CU00973,Maria Hays,2.21E+13,Male,Airam Street 73,06-02-85,38
CU00974,Michele Turner,2.21E+13,Male,Elehcim Street 10,15-08-76,46
CU00975,Corina Carrillo,2.21E+13,Male,Aniroc Street 86,26-09-79,43
CU00976,Logan Oneal,2.22E+13,Male,Nagol Street 24,26-04-88,35
CU00977,Noah Ayala,2.22E+13,Female,Haon Street 57,13-01-83,40
CU00978,Alvin Singh,2.21E+13,Male,Nivla Street 24,11-09-73,49
CU00979,Nicholas Ross,2.21E+13,Female,Salohcin Street 4,23-10-92,30
CU00980,Luciano Stone,2.22E+13,Male,Onaicul Street 28,19-09-87,35
CU00981,Carole Phillips,2.21E+13,Male,Elorac Street 95,06-02-72,51
CU00982,Marlin Swanson,2.21E+13,Male,Nilram Street 80,18-06-88,34
CU00983,Rosalind Best,2.21E+13,Female,Dnilasor Street 90,17-08-73,49
CU00984,Marcel Escobar,2.21E+13,Female,Lecram Street 71,21-02-90,33
CU00985,Harley Howard,2.22E+13,Female,Yelrah Street 87,26-11-92,30
CU00986,Rolland Boyer,2.21E+13,Male,Dnallor Street 51,14-01-76,47
CU00987,Micheal Yu,2.22E+13,Female,Laehcim Street 1,21-10-69,53
CU00988,Serena Bentley,2.22E+13,Female,Aneres Street 56,06-11-92,30
CU00989,Stephanie Mack,2.22E+13,Female,Einahpets Street 66,20-10-87,35
CU00990,Judith Lowery,2.22E+13,Female,Htiduj Street 98,10-07-71,51
CU00991,Jane Koch,2.22E+13,Female,Enaj Street 79,28-01-90,33
CU00992,Olive Wong,2.22E+13,Male,Evilo Street 59,01-07-84,38
CU00993,Juanita Ashley,2.22E+13,Male,Atinauj Street 61,06-07-89,33
CU00994,Gonzalo Huffman,2.22E+13,Male,Olaznog Street 37,20-01-85,38
CU00995,Leopoldo Frank,2.21E+13,,Odlopoel Street 85,05-06-86,36
CU00996,Shirley Case,2.22E+13,Female,Yelrihs Street 2,20-07-89,33
CU00997,Tristan Patrick,2.22E+13,,Natsirt Street 62,24-07-85,37
CU00998,Cara May,2.22E+13,Female,Arac Street 55,,46
CU00999,Mike Bell,2.22E+13,Male,Ekim Street 31,,46
CU01000,Leonel Davidson,2.21E+13,Male,,13-02-80,43
